<?xml version="1.0" encoding="UTF-8"?>

<ValueSet xmlns="http://hl7.org/fhir">
  <id value="ZimGender"/>
  <text>
    <status value="generated"/><div xmlns="http://www.w3.org/1999/xhtml"><p class="res-header-id"><b>Generated Narrative: ValueSet ZimGender</b></p><a name="ZimGender"> </a><a name="hcZimGender"> </a><ul><li>Include these codes as defined in <code>https://www.hl7.org/fhir/administrative-gender</code><span title="Version is not explicity stated. No matching Code System found"> version Not Stated (use latest from terminology server)</span><table class="none"><tr><td style="white-space:nowrap"><b>Code</b></td><td><b>Display</b></td></tr><tr><td>male</td><td>Male</td></tr><tr><td>female</td><td>Female</td></tr><tr><td>unknown</td><td>Not Determined</td></tr></table></li></ul></div>
  </text>
  <url value="http://smart.who.int/ig-empty/ValueSet/ZimGender"/>
  <version value="0.1.0"/>
  <name value="ZimGenderVS"/>
  <title value="Gender Value Set"/>
  <status value="draft"/>
  <date value="2025-11-12T09:09:19+00:00"/>
  <publisher value="WHO"/>
  <contact>
    <name value="WHO"/>
    <telecom>
      <system value="url"/>
      <value value="http://mohcc.org.zw"/>
    </telecom>
  </contact>
  <description value="Administrative Gender."/>
  <jurisdiction>
    <coding>
      <system value="http://unstats.un.org/unsd/methods/m49/m49.htm"/>
      <code value="716"/>
      <display value="Zimbabwe"/>
    </coding>
  </jurisdiction>
  <copyright value="This value set includes content from SNOMED CT, which is copyright © 2002+ International Health Terminology Standards Development Organisation (IHTSDO), and distributed by agreement between IHTSDO and HL7. Implementer use of SNOMED CT is not covered by this agreement"/>
  <compose>
    <include>
      <system value="https://www.hl7.org/fhir/administrative-gender"/>
      <concept>
        <code value="male"/>
        <display value="Male"/>
      </concept>
      <concept>
        <code value="female"/>
        <display value="Female"/>
      </concept>
      <concept>
        <code value="unknown"/>
        <display value="Not Determined"/>
      </concept>
    </include>
  </compose>
</ValueSet>